{"flutter":{"platforms":{"android":{"default":{"projectId":"barbershop-1637a","appId":"1:824123512831:android:1a4a5a4704e533189779ca","fileOutput":"android/app/google-services.json"}},"dart":{"lib/firebase_options.dart":{"projectId":"barbershop-1637a","configurations":{"android":"1:824123512831:android:1a4a5a4704e533189779ca","ios":"1:824123512831:ios:e88167610f8414bc9779ca","macos":"1:824123512831:ios:e88167610f8414bc9779ca","web":"1:824123512831:web:1d1ce34e4c3e26009779ca","windows":"1:824123512831:web:6340cd75253e24059779ca"}}}}}}